{"IcoMoonType":"selection","icons":[{"icon":{"paths":["M678.4 512l-365.619-379.904c-13.722-13.824-13.722-36.198 0-50.125 13.722-13.824 35.891-13.824 49.613 0l400.896 404.89c13.722 13.875 13.722 36.301 0 50.125l-400.896 404.89c-13.722 13.875-35.891 13.824-49.613 0-13.722-13.773-13.722-36.198 0-50.125l365.619-379.75z"],"attrs":[{}],"isMulticolor":false,"isMulticolor2":false,"tags":["chevron-thin-right"],"grid":20},"attrs":[{}],"properties":{"order":1,"id":1,"prevSize":20,"code":59648,"name":"chevron-thin-right"},"setIdx":0,"setId":2,"iconIdx":0},{"icon":{"paths":["M711.219 891.802c13.722 13.926 13.722 36.301 0 50.125s-35.891 13.875-49.613 0l-400.896-404.89c-13.722-13.824-13.722-36.198 0-50.125l400.896-404.89c13.722-13.824 35.891-13.824 49.613 0 13.722 13.875 13.722 36.301 0 50.125l-365.619 379.853 365.619 379.802z"],"attrs":[{}],"isMulticolor":false,"isMulticolor2":false,"tags":["chevron-thin-left"],"grid":20},"attrs":[{}],"properties":{"order":2,"id":0,"prevSize":20,"code":59649,"name":"chevron-thin-left"},"setIdx":0,"setId":2,"iconIdx":1}],"height":1024,"metadata":{"name":"icomoon"},"preferences":{"showGlyphs":true,"showQuickUse":true,"showQuickUse2":true,"showSVGs":true,"fontPref":{"prefix":"icon-","metadata":{"fontFamily":"icomoon"},"metrics":{"emSize":1024,"baseline":6.25,"whitespace":50},"embed":false},"imagePref":{"prefix":"icon-","png":true,"useClassSelector":true,"color":0,"bgColor":16777215,"classSelector":".icon"},"historySize":50,"showCodes":true,"gridSize":16}}